#domain,#severity,#reject_media,#reject_reports,#public_comment,#obfuscate
10minutepleroma.com,suspend,false,false,"Spam, potential for abuse",false
activism.openworlds.info,suspend,false,false,"Federates with instances that violate our CoC/ToS, such as Gab, Kiwifarms, etc., harassment, doxing",false
akko.disqordia.space,suspend,false,false,"racism, channer stuff",false
akko.saturno.black,suspend,false,false,"Racism, fash, harassment",false
arachnid.town,suspend,false,false,Homophobia from the admin accounts,false
archivefedifor.fun,suspend,false,false,Scraping,false
a.sc,suspend,false,false,"Extreme racism, fascism",false
bae.st,suspend,false,false,4chan qanon stuff,false
bajax.us,suspend,false,false,"abuse, harrassment",false
baraag.net,suspend,false,false,hosting pedophilia,false
beefyboys.club,suspend,false,false,"Neo-nazis, harassment",false
berserker.town,suspend,false,false,"Federating with 'free speech' instances, hosting ableist, transphobic, fascist content",false
*.bigguys.club,suspend,false,false,"Neo-nazis, harassment",false
bikeshed.party,suspend,false,false,"Harassment, federating with Gab, etc.",false
blob.cat,suspend,false,false,"freespeechextremist.com association, federating with Kiwifarms",false
busshi.moe,suspend,false,false,Allows lolicon,false
cachapa.moe,suspend,false,false,Racism,false
carnivore.social,suspend,false,false,"Conspiracies, MAGA / truthsocial crowd",false
carrot.army,suspend,false,false,Trolling,false
chudbuds.lol,suspend,false,false,kiwifarms,false
chungus.cc,suspend,false,false,"ableism, transphobia, racism, slurs",false
cliterati.club,suspend,false,false,TERF instance,false
cock.li,suspend,false,false,"Racism, fascism, harassment, trolling, etc.",false
community.halle-leaks.de,suspend,false,false,"Nazi/far-right rhetoric, xenophobia",false
coom.club,suspend,false,false,"Associating with Gab, antisemitism, ableism, etc.",false
crucible.world,suspend,false,false,Transphobia,false
crypto-group-buy.com,suspend,false,false,Spam,false
cum.camp,suspend,false,false,"harassment, bigotry",false
cum.desupost.soy,suspend,false,false,"Ableism, racism, transmisia",false
cum.salon,suspend,false,false,"uncensored porn, slurs",false
daishouri.moe,suspend,false,false,Nazis,false
deepnexus.link,suspend,false,false,"Admin is a 'free speech' supporter, conspiracy theories, antivax, etc.",false
definitely-not-archivefedifor.fun,suspend,false,false,Scraping,false
detroitriotcity.com,suspend,false,false,"racism, homophobia, etc",false
develop.gab.com,suspend,false,false,Trump's network,false
d-fens.systems,suspend,false,false,kiwifarms,false
dickkickextremist.xyz,suspend,false,false,"Federates with instances that violate our CoC/ToS such as Gab, etc.",false
djsumdog.com,suspend,false,false,"Antivax, harassment",false
dlf.social,suspend,false,false,Paedophilia,false
eveningzoo.club,suspend,false,false,"free speech, conspiracy theory, racism, antisemitism, fascism",false
fedi.absturztau.be,suspend,false,false,"freespeechextremist.com association, federating with Kiwifarms",false
fedi.app,suspend,false,false,Data mining instance,false
fedicy.allowed.org,suspend,false,false,"Holocaust denial, misogyny, fascist ideology/symbolism",false
fedi.intkos.link,suspend,false,false,"Free speech, antisemitism",false
fedi.pawlicker.com,suspend,false,false,"transphobia, racism, kiwifarms, loli, conspiracy theories",false
fightbig.tech,suspend,false,false,"Free speech instance, far-right ideology",false
fr13nd5.com,suspend,false,false,Federates with the usual suspects,false
dev.brighteon.social,suspend,false,false,Disinformation ,false
freeatlantis.com,suspend,false,false,"ableism, nationalism, right-wing rhetoric and conspiracy theories",false
freecumextremist.com,suspend,false,false,Alt kiwifarms instance,false
freespeechextremist.com,suspend,false,false,Hate speech,false
freespeech.firedragonstudios.com,suspend,false,false,"Free speech instance, little to no moderation oversight, lack of CoC",false
freespeech.group,suspend,false,false,"Alt-right rhetoric, conspiracies, etc",false
freespeech.host,suspend,false,false,"Free speech instance, federates with Gab, Kiwifarms",false
freewahaextremist.wtf,suspend,false,false,"Ableism, racism, transmisia",false
froth.zone,suspend,false,false,Federates with the usual suspects,false
fwedivewse.vfpmedia.com,suspend,false,false,"transphobia, antisemitism",false
gameliberty.club,suspend,false,false,Racism,false
gearlandia.haus,suspend,false,false,"Transphobia, racism",false
gecekafasi.com,suspend,false,false,"Harassment, no CoC/Moderation Policy",false
geofront.rocks,suspend,false,false,"Racism, slurs",false
getindor.com,suspend,false,false,racism,false
ghetti.monster,suspend,false,false,Antisemitism,false
gitmo.life,suspend,false,false,"Alt-right rhetoric, conspiracy theories, zenophobia",false
gleasonator.com,suspend,false,false,"TERF instance, admin created spinster.xyz",false
glindr.org,suspend,false,false,Transphobia,false
goyim.app,suspend,false,false,"racism, ableism, transphobia, nazi content",false
goyslop.cafe,suspend,false,false,Racism,false
hagra.net,suspend,false,false,"Racism, harassment",false
hallsofamenti.io,suspend,false,false,Transphobia,false
hitchhiker.social,suspend,false,false,"Antivax, harassment",false
honkwerx.tech,suspend,false,false,"transphobia, racism",false
hunk.city,suspend,false,false,Spamming,false
husk.site,suspend,false,false,"Associating with instances we've banned for harassment, trolling, and other offences",false
kurosawa.moe,suspend,false,false,"loli, racism, slurs, channer",false
lain.sh,suspend,false,false,"Racism, harassment",false
lanuevebastarda.es,suspend,false,false,"Hate speech, abuse, harassment",false
leafposter.club,suspend,false,false,"Free speech, racism, harassment",false
lets.bemoe.online,suspend,false,false,"freespeechextremist.com association, federating with Kiwifarms",false
liberdon.com,suspend,false,false,"Harassment and toxic behaviour from users, parler/gab associations",false
liveview.cf,suspend,false,false,"Homophobic slurs, abusive behaviour by instance Admin toward users of other instances",false
loli.estate,suspend,false,false,loli,false
lolison.top,suspend,false,false,loli,false
magicalmirro.red,suspend,false,false,Federates with alt-right/fash/etc. instances,false
marsey.club,suspend,false,false,racism,false
masochi.st,suspend,false,false,"harassment, white supremacy",false
mastodon.bgzashtita.es,suspend,false,false,"Threats of violence, harassment",false
mastodon.cf,suspend,false,false,Uncensored porn & hosting pedophilia,false
md.kakise.tech,suspend,false,false,Transphobia,false
iddqd.social,suspend,false,false,"No CoC or ToS, interacts with known Nazi affiliated instances",false
jaeger.website,suspend,false,false,"Transphobia, harassment",false
jpop.club,suspend,false,false,"Trolling, abusive behaviour",false
juche.town,suspend,false,false,"Harassment, Gab supporters, values inconsistent with ART's CoC",false
kisslolis.com,suspend,false,false,loli,false
kiwifarms.cc,suspend,false,false,"Transphobia, doxxing, harassment",false
kiwifarms.is,suspend,false,false,"Transphobia, doxxing, harassment",false
kiwifarms.net,suspend,false,false,"Transphobia, doxxing, harassment",false
kissl*lis.com,suspend,false,false,loli,false
micca.xyz,suspend,false,false,Trolling + harassment,false
mk.disqordia.space,suspend,false,false,racism + channer stuff,false
monads.online,suspend,false,false,Racism + harassment,false
mstdn.foxfam.club,suspend,false,false,Alt-right + islamaphobia + xenophobia,false
mstdn.starnix.network,suspend,false,false,4chan nonsense,false
mugicha.club,suspend,false,false,Racism,false
musksocial.com,suspend,false,false,Free speech,false
mu.zaitcev.nu,suspend,false,false,Federating with Gab + transphobia,false
nazi.social,suspend,false,false,Self-explanatory; nazism,false
neckbeard.xyz,suspend,false,false,Lolicon + abusive behaviour,false
neenster.org,suspend,false,false,Gab-fork + spin off of TERF instance spinster.xyz + admin is a moderator of spinster.xyz,false
nicecrew.digital,suspend,false,false,racism + homophobia,false
nnia.space,suspend,false,false,'Free speech,false
noagendasocial.com,suspend,false,false,'Free speech',false
onion.social,suspend,false,false,free speech + conspiracy theory + etc,false
outpoa.st,suspend,false,false,Free speech + hate speech + racism,false
pasta.wtf,suspend,false,false,Racism,false
pawoo.net,suspend,false,false,hosting pedophilia,false
paypig.org,suspend,false,false,Alt-right associations + hate speech + transphobia,false
pedo.school,suspend,false,false,I mean + look at the domain name...,false
phreedom.tk,suspend,false,false,Free speech instance; lack of moderation/CoC,false
pkteerium.xyz,suspend,false,false,free speech + conspiracy theory + etc,false
pl.anon-kenkai.com,suspend,false,false,Racism + homophobia + antisemitism,false
pleroma.com,suspend,false,false,Harassment + federating with Gab + etc.,false
pleroma.elementality.org,suspend,false,false,Racism + fash + harassment,false
pleroma.kitsunemimi.club,suspend,false,false,Racism + harassment + transmisia,false
pleroma.mouse.services,suspend,false,false,Federates with Gab + Kiwifarms + etc.,false
pleroma.nobodyhasthe.biz,suspend,false,false,Transphobia,false
pleroma.runfox.tk,suspend,false,false,Racism + alt-right conspiracies + etc,false
pleroma.site,suspend,false,false,Federates with nazi instances,false
pleroma.skyshanty.xyz,suspend,false,false,racism,false
pleroma.soykaf.com,suspend,false,false,Federates with instances that violate our CoC/ToS such as Gab + etc.,false
pl.info.natehiggers.online,suspend,false,false,Racism,false
pl.natehiggers.online,suspend,false,false,Racism,false
pl.skyn3t.in,suspend,false,false,Harassment + transphobia,false
pl.slash.cl,suspend,false,false,Admin mocks pronouns + some weird political ideologies that conflate communism with fascism + federates with known nazi affiliated instances,false
pl.tkammer.de,suspend,false,false,Federates with spinster + transphobia,false
pl.zombiecats.run,suspend,false,false,Transphobic,false
pmth.us,suspend,false,false,harassment + federates with toxic instances,false
poa.st,suspend,false,false,Nazi content,false
posting.lolicon.rocks,suspend,false,false,loli,false
preteengirls.biz,suspend,false,false,pedophilia,false
prout.social,suspend,false,false,Racism + harassment,false
quitter.pw,suspend,false,false,alt-right,false
rage.lol,suspend,false,false,Free speech instance + members with nazi affiliation + members that advocate genocide and eugenics,false
rakket.app,suspend,false,false,Nazis + harassment,false
rape.lol,suspend,false,false,The URL is self-explanatory.,false
milker.cafe,suspend,false,false,Antisemitism,false
rapemeat.shop,suspend,false,false,pro-rape,false
rapemeat.solutions,suspend,false,false,Pro-rape,false
raplst.town,suspend,false,false,Glorifies sexual assault,false
rawr-xd.club,suspend,false,false,Loli,false
rcsocial.net,suspend,false,false,Homophobia + federating with Gab,false
ryona.agency,suspend,false,false,Transphobia,false
seal.cafe,suspend,false,false,Antisemitism + racism + free speech + harassment,false
sealion.club,suspend,false,false,'Free speech',false
shigusegubu.club,suspend,false,false,Harassment,false
shitpisscum.mooo.com,suspend,false,false,harassment + bigotry,false
shitpost.cloud,suspend,false,false,Racism + alt-right,false
shitposter.club,suspend,false,false,'Free speech',false
shitpost.poridge.club,suspend,false,false,Free speech,false
shortstackran.ch,suspend,false,false,racism + homophobia,false
shrine.moe,suspend,false,false,Loli + racism,false
skippers-bin.com,suspend,false,false,Lolicon + abusive behaviour,false
slothy.win,suspend,false,false,Soapbox instance + mocking pronouns,false
sneed.shop,suspend,false,false,Racism + antisemitism + fascism,false
sneed.social,suspend,false,false,Racism + antisemitism + fascism,false
social.freetalklive.com,suspend,false,false,Free speech + praising the KKK + antivax + etc.,false
social.getgle.org,suspend,false,false,homophobia,false
social.handholding.io,suspend,false,false,Transphobia + homophobia,false
social.hendrixgames.com,suspend,false,false,Conspiracy theories + alt-right adjacent rhetoric + etc,false
social.librem.one,suspend,false,false,Lack of moderation oversight for harmful ideologies,false
social.lovingexpressions.net,suspend,false,false,transphobia + nazism,false
social.nothingplanet.com,suspend,false,false,Federates with instances that violate our CoC/ToS + such as Gab + Kiwifarms + Spinster.xyz + etc.,false
social.pseudo-whiskey.bar,suspend,false,false,pedophilia,false
social.wideboys.org,suspend,false,false,Racism + homophobia + channer stuff,false
soc.mahodou.moe,suspend,false,false,Slurs,false
solagg.com,suspend,false,false,crypto spam,false
spinster.dev,suspend,false,false,Transphobia/TERFs,false
spinster.xyz,suspend,false,false,Transphobia/TERFs,false
springbo.cc,suspend,false,false,racism + free speech + transphobia,false
strelizia.net,suspend,false,false,Alternative instance to posting.lolicon.rocks + same admin,false
tastingtraffic.net,suspend,false,false,Queerphobia,false
taullo.social,suspend,false,false,hosting pedophilia,false
terrible.place,suspend,false,false,fascism + racism + harrassment,false
the9thcircle.club,suspend,false,false,Spam + friendly with freespeechextremist.xyz,false
the.hedgehoghunter.club,suspend,false,false,Trolling + abusive behaviour,false
theres.life,suspend,false,false,Bigotry + gab/pleroma adjacent,false
toot.canberrasocial.net,suspend,false,false,Racism + free speech instance,false
truthsocial.co.in,suspend,false,false,truthsocial,false
truthsocialpro.org,suspend,false,false,Trump instance,false
tucson.claims,suspend,false,false,"Conspiracy theories, federating with known nazi affiliated instances",false
vuju.com,suspend,false,false,Free speech,false
waha.desupost.soy,suspend,false,false,"Ableism, racism, transmisia",false
vipgirlfriend.xxx,silence,true,false,Un-CWed NSFW,false
sleepy.cafe,suspend,false,false,Transphobia,false
rdrama.cc,suspend,false,false,"Hate speech, ""free speech"", trolling",false
smartcraft.me,suspend,false,false,"ArtiBlock: alt fedi (poa.st,salastil.com)",false
wake.st,suspend,false,false,Paedophilia and lolicon apologist,false
wei.mentalswarf.com,suspend,false,false,nazi soapbox instance,false
whinge.town,suspend,false,false,Federates with the usual suspects,false
wired.socotrine.com,suspend,false,false,"Loli, runs with the same crowd as shitposter.club, freespeechextremist.com, neckbeard.xyz, etc.",false
wurm.host,suspend,false,false,"Suicide baiting, racism, slurs, trolling, harassment",false
xn--p1abe3d.xn--80asehdb,suspend,false,false,racism,false
yggdrasil.social,suspend,false,false,"TERF instance, homophobia",false
youjo.love,suspend,false,false,"pedophilia, holocaust denial, antivax",false
zetamu.club,suspend,false,false,pedophilia,false
quitter.im,silence,false,false,alt-right,false
artalley.social,silence,false,false,Silenced for accusations of hosting/defending underage sexual art,false
horny.enby.space,silence,false,false,Un-CWed NSFW,false
kinky.business,silence,false,false,Un-CWed NSFW,false
porntoot.com,silence,false,false,Un-CWed NSFW,false
stars.eroaward.com,silence,false,false,NSFW adverts,false
2.distsn.org,suspend,false,false,BlocklistsImport,false
434.earth,suspend,false,false,BlocklistsImport,false
7td.org,suspend,false,false,BlocklistsImport,false
80percent.social,suspend,false,false,BlocklistsImport,false
accela.online,suspend,false,false,BlocklistsImport,false
afterlife.masto.host,suspend,false,false,BlocklistsImport,false
albin.social,suspend,false,false,BlocklistsImport,false
anime.website,suspend,false,false,BlocklistsImport,false
archivefedifor.fundefinitely-not-archivefedifor.funfuck-man-i-just-want-like-one-friend.xyz,suspend,false,false,BlocklistsImport,false
aria.company,suspend,false,false,BlocklistsImport,false
beehub.org,suspend,false,false,BlocklistsImport,false
bigguys.club,suspend,false,false,BlocklistsImport,false
buckeye.social,suspend,false,false,BlocklistsImport,false
cawfee.club,suspend,false,false,BlocklistsImport,false
cock.fish,suspend,false,false,BlocklistsImport,false
daffodil-11.org,suspend,false,false,BlocklistsImport,false
disarray.nof.st,suspend,false,false,BlocklistsImport,false
exited.eu,suspend,false,false,BlocklistsImport,false
fedichive.tk,suspend,false,false,BlocklistsImport,false
feminism.lgbt,suspend,false,false,BlocklistsImport,false
freefedifollowers.ga,suspend,false,false,BlocklistsImport,false
freesoftwareextremist.com,suspend,false,false,BlocklistsImport,false
freezepeach.xyz,suspend,false,false,BlocklistsImport,false
friendica.eskimo.com,suspend,false,false,BlocklistsImport,false
functor.pro,suspend,false,false,BlocklistsImport,false
gab.com,suspend,false,false,BlocklistsImport,false
gab.ai,suspend,false,false,BlocklistsImport,false
gabfed.com,suspend,false,false,BlocklistsImport,false
gab.sleeck.eu,suspend,false,false,BlocklistsImport,false
gasthe.lgbt,suspend,false,false,BlocklistsImport,false
gendercritical.club,suspend,false,false,BlocklistsImport,false
gendercritical.space,suspend,false,false,BlocklistsImport,false
glittersluts.club,suspend,false,false,BlocklistsImport,false
glowers.club,suspend,false,false,BlocklistsImport,false
librem.one,suspend,false,false,Lack of moderation oversight for harmful ideologies,false
twtr.plus,silence,false,false,Twitter relay,false
beefyboys.win,suspend,false,false,"Hate speech, ""free speech"", trolling",false
honey.church,suspend,false,false,BlocklistsImport,false
ihatebeinga.live,suspend,false,false,BlocklistsImport,false
inex.rocks,suspend,false,false,BlocklistsImport,false
justicewarrior.social,suspend,false,false,BlocklistsImport,false
kys.moe,suspend,false,false,BlocklistsImport,false
leftlibertarian.club,suspend,false,false,BlocklistsImport,false
lets.saynoto.lgbt,suspend,false,false,BlocklistsImport,false
ligma.pro,suspend,false,false,BlocklistsImport,false
mastodon.starrevolution.org,suspend,false,false,BlocklistsImport,false
mentality.rip,suspend,false,false,BlocklistsImport,false
mobile.co,suspend,false,false,BlocklistsImport,false
mobile.tmediatech.io,suspend,false,false,BlocklistsImport,false
nomoresha.me,suspend,false,false,BlocklistsImport,false
oneway.masto.host,suspend,false,false,BlocklistsImport,false
ost.social,suspend,false,false,BlocklistsImport,false
pieville.net,suspend,false,false,BlocklistsImport,false
pl.765racing.com,suspend,false,false,BlocklistsImport,false
pleroma.comfy.moe,suspend,false,false,BlocklistsImport,false
pleroma.rareome.ga,suspend,false,false,BlocklistsImport,false
pl.lifeweb.cc,suspend,false,false,BlocklistsImport,false
pl.smuglo.li,suspend,false,false,BlocklistsImport,false
princess.cat,suspend,false,false,BlocklistsImport,false
quey.org,suspend,false,false,BlocklistsImport,false
rapefeminists.network,suspend,false,false,BlocklistsImport,false
rayn.bo,suspend,false,false,BlocklistsImport,false
rightmastodon.com,suspend,false,false,BlocklistsImport,false
robo.super-niche.club,suspend,false,false,BlocklistsImport,false
sinblr.com,suspend,false,false,BlocklistsImport,false
sneak.berlin,suspend,false,false,BlocklistsImport,false
soc.h4x.group,suspend,false,false,BlocklistsImport,false
social.culturewar.us,suspend,false,false,BlocklistsImport,false
social.foxfam.club,suspend,false,false,BlocklistsImport,false
social.librem.onelibrem.one,suspend,false,false,BlocklistsImport,false
social.quodverum.com,suspend,false,false,BlocklistsImport,false
social.sphere.com.ai,suspend,false,false,BlocklistsImport,false
societal.co,suspend,false,false,BlocklistsImport,false
socnet.supes.com,suspend,false,false,BlocklistsImport,false
speakfree.world,suspend,false,false,BlocklistsImport,false
sylveon.club,suspend,false,false,BlocklistsImport,false
take.iteasy.club,suspend,false,false,BlocklistsImport,false
thebag.social,suspend,false,false,BlocklistsImport,false
thechad.zone,suspend,false,false,BlocklistsImport,false
traboone.com,suspend,false,false,BlocklistsImport,false
truthsocial.com,suspend,false,false,BlocklistsImport,false
twitter.activitypub.actor,suspend,false,false,BlocklistsImport,false
unsafe.space,suspend,false,false,BlocklistsImport,false
wagesofsinisdeath.com,suspend,false,false,BlocklistsImport,false
waifuappreciation.club,suspend,false,false,BlocklistsImport,false
weedis.life,suspend,false,false,BlocklistsImport,false
wetfish.space,suspend,false,false,BlocklistsImport,false
pl.valkyrie.world,suspend,false,false,No moderation policies,false
x0f.org,suspend,false,false,BlocklistsImport,false
xn--xn6r8h-xg0c.tk,suspend,false,false,BlocklistsImport,false
beta.birdsite.live,silence,false,false,Twitter relay,false
birdsite.live,silence,false,false,Twitter relay,false
dirtyhobby.xyz,silence,false,false,Un-CWed NSFW,false
gyutte.site,suspend,false,false,Lolicon,false
social.076.ne.jp,suspend,false,false,"Racism, lolicon",false
asimon.org,suspend,false,false,"Racism, lolicon",false
mast.ohbutt.com,suspend,true,true,Troll server,false
social.snopyta.org,suspend,false,false,"Lolicon, far-right content",false
varishangout.net,suspend,false,false,"Lolicon, racism",false
miss.mouse.services,suspend,false,false,"Federated with known hate and troll instances, violent imagery with no CW, etc",false
pl.comfysnug.space,suspend,true,false,"No moderation policies beyond ""no cp"", boosts content from known-bad instances",false
hidamari.apartments,suspend,false,false,openly promoting violent ideologies,false
eientei.org,suspend,false,false,"non-moderated homophobia, transphobia & anti-semitism",false
childpawn.shop,suspend,false,false,paedophilia,false
activitypub-troll.cf,suspend,false,false,Public server trolling farm,false
*.acitivitypub-troll.cf,suspend,false,false,Public server trolling farm,false
*.misskey-forkbomb.cf,suspend,false,false,Public server trolling farm,false
misskey-forkbomb.cf,suspend,false,false,Public server trolling farm,false
*.repl.co,suspend,false,false,Public server trolling farm,false
repl.co,suspend,false,false,Public server trolling farm,false
onevery.ignorelist.com,suspend,false,false,Spam,false
fandom.community,silence,true,false,"Lolicon, insufficient moderation of NSFW media",false
social.4f9e1738.ignorelist.com,suspend,true,true,Recursion attack,false
*.ignorelist.com,suspend,false,false,Recursion attack,false
nobodyhasthe.biz,suspend,false,false,"",false
lolicon.rocks,suspend,false,false,"racism, national socialism, AntiSemitism, conspiracism, lolicon, TransMisia",false
hentai.baby,suspend,false,false,lolicon,false
freak.university,suspend,false,false,pedophilia,false
eatthebugs.social,suspend,false,false,"antisemitism, harassment",false
clubcyberia.co,suspend,false,false,"HomoMisia, racism",false
tkammer.de,suspend,false,false,Transmisia,false
soykaf.com,suspend,false,false,HomoMisia,false
kitsunemimi.club,suspend,false,false,"racism, harassment, TransMisia",false
lovingexpressions.net,suspend,false,false,national socialism,false
handholding.io,suspend,false,false,"TransMisia, racism",false
helladoge.com,suspend,false,false,"cryptoscam, spam",false
fluf.club,suspend,false,false,"ableism, TransMisia",false
076.ne.jp,suspend,false,false,"national socialism, racism, TransMisia lolicon",false
rojogato.com,suspend,false,false,"Racism, TransMisia, ableism",false
urspringer.de,suspend,false,false,conspiracism,false
freetalklive.com,suspend,false,false,"ancap, libertarianism",false
gorf.pub,suspend,false,false,"TransMisia, HomoMisia, AntiSemitism",false
narrativerry.xyz,suspend,false,false,"HomoMisia, glorifying killings",false
anon-kenkai.com,suspend,false,false,"national socialism, lolicon, racism, HomoMisia",false
freethinkers.lgbt,suspend,false,false,harassment,false
lain.com,suspend,false,false,"HomoMisia, ableism",false
quanta.wiki,suspend,false,false,"qanon conspiracism, trumpism",false
teci.world,suspend,false,false,"qanon conspiracism, trumpism",false
trumpislovetrumpis.life,suspend,false,false,"facism, racism",false
skyshanty.xyz,suspend,false,false,HomoMisia,false
privex.social,suspend,false,false,"fashism, harassment",false
wiki-tube.de,suspend,false,false,"AntiSemitism, conspiracism, covid denial",false
wolfgirl.bar,suspend,false,false,"Racism, antisemitism",false
animalliberation.social,suspend,false,false,"racism, AntiSemitism, TransMisia",false
slash.cl,suspend,false,false,national socialism,false
poster.place,suspend,false,false,"racism, queermisia",false
darknight-coffee.org,suspend,false,false,TransMisia,false
bestgore.fun,suspend,false,false,"gore, making fun of executions",false
kenfm.de,suspend,false,false,"racism, conspiracism, covid denial",false
kcl.academy,suspend,false,false,(covid/ukraine) conspiracy theories,false
etiketi.de,suspend,false,false,conspiracism,false
pube.tk,suspend,false,false,HomoMisia,false
valkyrie.world,suspend,false,false,"harassment, QueerMisia, ableism",false
lolison.network,suspend,false,false,"lolicon, child porn",false
genderheretics.xyz,suspend,false,false,"TransMisia, making fun of suicide",false
sonichu.com,suspend,false,false,"harassment, racism",false
anti-degeneracy.club,suspend,false,false,TransMisia,false
fbxl.net,suspend,false,false,admin wish,false
alive.bar,suspend,false,false,national socialism,false
pleroma.foxfam.club,suspend,false,false,Alt of banned instance,false
refusal.biz,suspend,false,false,"Racism, antisemitism",false
weeaboo.space,suspend,false,false,"Federates with known hate and lolicon instances, ""Free Speech""",false
udongein.xyz,silence,false,false,Insufficient moderation policies; doesn't defederate hate instances,false
mastinator.com,suspend,false,false,Public indexing and copying of follower-only posts,false
fediverse.dotnet00.dev,noop,true,false,"",false
squid.kids,suspend,false,false,Antisemitism ,false
affiliates.social,suspend,false,false,Dedicated affiliate marketing server,false
f.haeder.net,suspend,false,false,Transphobia,false
zztails.gay,suspend,false,false,"""Free speech"" instance, Racism",false
social.shrimpcam.pw,suspend,false,false,Block circumvention,false
rodent.life,suspend,false,false,lolicon,false
gentoo.live,suspend,false,false,"CSAM, hate speech",false
skinheads.network,suspend,false,false,"CSAM, hate speech",false
shota.house,suspend,false,false,"",false
minidisc.tokyo,suspend,false,false,"Harassment, ""free speech""",true
plague.ee,suspend,false,false,Alt of banned instance,false
boks.moe,suspend,false,false,"Hate speech, ""free speech"", trolling",false
shrimpposter.club,suspend,false,false,Alt of banned instance,false
breastmilk.club,suspend,false,false,"Hate speech, ""free speech"", trolling",false
bubbletea.dev,suspend,false,false,Alt-right,false
brighteon.social,suspend,false,false,Disinformation,false
13bells.com,suspend,false,false,"",false
1611.social,suspend,false,false,"",false
aethy.com,suspend,false,false,"",false
banepo.st,suspend,false,false,"",false
cyberstorm.one,suspend,false,false,"",false
ignorelist.com,suspend,false,false,"",false
mastertibbles.co.uk,suspend,false,false,"",false
obo.sh,suspend,false,false,"",false
scots.network,suspend,false,false,"",false
4aem.com,suspend,false,false,"",false
5dollah.click,suspend,false,false,"",false
8777.ch,suspend,false,false,"",false
activitypub-proxy.cf,suspend,false,false,"",false
addy.gg,suspend,false,false,"",false
alteregocreations.com,suspend,false,false,"",false
anemoneya.me,suspend,false,false,"",false
angrytoday.com,suspend,false,false,"",false
annihilation.social,suspend,false,false,"",false
badly.co,suspend,false,false,"",false
cybercriminal.eu,suspend,false,false,Fediblock spam/abuse,false
misskey.io,noop,true,false,Insufficient moderation capacity,false
owncast.cdrom.tokyo,suspend,false,false,Lolicon,false
beepboop.ga,suspend,false,false,"",false
bgzashtita.es,suspend,false,false,"",false
bibly.com,suspend,false,false,"",false
bitcoinlizard.net,suspend,false,false,"",false
bitcointv.com,suspend,false,false,"",false
brainsoap.net,suspend,false,false,"",false
cachapa.xyz,suspend,false,false,"",false
calobar.club,suspend,false,false,"",false
campduffel.social,suspend,false,false,"",false
catgirl.life,suspend,false,false,"",false
ckpg.space,suspend,false,false,"",false
collapsitarian.io,suspend,false,false,"",false
comfyboy.club,suspend,false,false,"",false
contrapointsfan.club,suspend,false,false,"",false
cryptotooter.com,suspend,false,false,"",false
danksquad.org,suspend,false,false,"",false
daspr.io,suspend,false,false,"",false
decept.org,suspend,false,false,"",false
dembased.xyz,suspend,false,false,"",false
desupost.soy,suspend,false,false,"",false
dev-wiki.de,suspend,false,false,"",false
dingdash.com,suspend,false,false,"",false
dissident.business,suspend,false,false,"",false
dixies.land,suspend,false,false,"",false
dobbs.town,suspend,false,false,"",false
dtzbts.xyz,suspend,false,false,"",false
elementality.org,suspend,false,false,"",false
endtimebelievers.com,suspend,false,false,"",false
epenguin.com,suspend,false,false,"",false
fedposters.club,suspend,false,false,"",false
feral.cafe,suspend,false,false,"",false
fightthis.net,suspend,false,false,"",false
firedragonstudios.com,suspend,false,false,"",false
firefaithfellowship.com,suspend,false,false,"",false
foxfam.club,suspend,false,false,"",false
freedomstrike.net,suspend,false,false,"",false
freedomstrike.org,suspend,false,false,"",false
frennet.xyz,suspend,false,false,"",false
gamers.exposed,suspend,false,false,"",false
gangstalking.services,suspend,false,false,"",false
glee.li,suspend,false,false,"",false
guizzyordi.info,suspend,false,false,"",false
haeder.net,suspend,false,false,"",false
hedgehoghunter.club,suspend,false,false,"",false
hendrixgames.com,suspend,false,false,"",false
hermitmountain.top,suspend,false,false,"",false
homd.xyz,suspend,false,false,"",false
hornyjail.pro,suspend,false,false,"",false
imirhil.fr,suspend,false,false,"",false
inferencium.net,suspend,false,false,"",false
intkos.link,suspend,false,false,"",false
inumbra.xyz,suspend,false,false,"",false
ironbug.org,suspend,false,false,"",false
justbros.xyz,suspend,false,false,"",false
kabuki.club,suspend,false,false,"",false
kawa-kun.com,suspend,false,false,"",false
kawen.space,suspend,false,false,"",false
kenhbit.com,suspend,false,false,"",false
kompost.cz,suspend,false,false,"",false
kyaruc.moe,suspend,false,false,"",false
lain.gay,suspend,false,false,"",false
leftychan.net,suspend,false,false,"",false
letsalllovela.in,suspend,false,false,"",false
librenet.co.za,suspend,false,false,"",false
lizards.live,suspend,false,false,"",false
logografos.com,suspend,false,false,"",false
lucasvl.nl,suspend,false,false,"",false
mahodou.moe,suspend,false,false,"",false
maladaptive.art,suspend,false,false,"",false
masthead.social,suspend,false,false,"",false
meld.de,suspend,false,false,"",false
meme.moe,suspend,false,false,"",false
merovingian.club,suspend,false,false,"",false
midwaytrades.com,suspend,false,false,"",false
miku-enthusiast.club,suspend,false,false,"",false
mirr0r.city,suspend,false,false,"",false
mitra.social,suspend,false,false,"",false
moa.st,suspend,false,false,"",false
morale.ch,suspend,false,false,"",false
mostr.pub,suspend,false,false,"",false
mouse.services,suspend,false,false,"",false
mrhands.horse,suspend,false,false,"",false
nalocal519.social,suspend,false,false,"",false
natehiggers.online,suspend,false,false,"",false
nationaljustice.social,suspend,false,false,"",false
needs.vodka,suspend,false,false,"",false
nekocave.xyz,suspend,false,false,"",false
nightshift.social,suspend,false,false,"",false
noagendasocial.nl,suspend,false,false,"",false
noagendatube.com,suspend,false,false,"",false
normie.cafe,suspend,false,false,"",false
novoa.nagoya,suspend,false,false,"",false
nukem.biz,suspend,false,false,"",false
nya.gay,suspend,false,false,"",false
otakufarms.com,suspend,false,false,"",false
oti.st,suspend,false,false,"",false
pawlicker.com,suspend,false,false,"",false
pengi-san.moe,suspend,false,false,"",false
piazza.today,suspend,false,false,"",false
pibvt.net,suspend,false,false,"",false
pisskey.io,suspend,false,false,"",false
pizzaf.art,suspend,false,false,"",false
poast.org,suspend,false,false,"",false
poast.tv,suspend,false,false,"",false
pone.social,suspend,false,false,"",false
pooper.social,suspend,false,false,"",false
poridge.club,suspend,false,false,"",false
posix.gay,suspend,false,false,"",false
poweredbycocaine.com,suspend,false,false,"",false
prospeech.space,suspend,false,false,"",false
pseudo-whiskey.bar,suspend,false,false,"",false
psion.co,suspend,false,false,"",false
quodverum.com,suspend,false,false,"",false
r18.social,suspend,false,false,"",false
rebelbase.site,suspend,false,false,"",false
refusal.llc,suspend,false,false,"",false
republic.red,suspend,false,false,"",false
rot.gives,suspend,false,false,"",false
satoshishop.de,suspend,false,false,"",false
saynoto.lgbt,suspend,false,false,"",false
schwartzwelt.xyz,suspend,false,false,"",false
shadowsocial.org,suspend,false,false,"",false
sharivegas.com,suspend,false,false,"",false
sheep.network,suspend,false,false,"",false
shota.social,suspend,false,false,"",false
shrimpcam.pw,suspend,false,false,"",false
silliness.observer,suspend,false,false,"",false
skinheads.eu,suspend,false,false,"",false
skinheads.io,suspend,false,false,"",false
skinheads.social,suspend,false,false,"",false
skinheads.uk,suspend,false,false,"",false
skinnyver.se,suspend,false,false,"",false
smuglo.li,suspend,false,false,"",false
starnix.network,suspend,false,false,"",false
stereophonic.space,suspend,false,false,"",false
syspxl.xyz,suspend,false,false,"",false
takesama.com,suspend,false,false,"",false
theapex.social,suspend,false,false,"",false
thechimp.zone,suspend,false,false,"",false
thepostearthdestination.com,suspend,false,false,"",false
thisisjoes.site,suspend,false,false,"",false
tnd.lol,suspend,false,false,"",false
troll.cafe,suspend,false,false,"",false
tyil.nl,suspend,false,false,"",false
ua-fediland.de,suspend,false,false,"",false
unperson.us,suspend,false,false,"",false
urchan.org,suspend,false,false,"",false
ursal.zone,suspend,false,false,"",false
vfpmedia.com,suspend,false,false,"",false
vladtepesblog.com,suspend,false,false,"",false
vrij.social,suspend,false,false,"",false
whinge.house,suspend,false,false,"",false
wideboys.org,suspend,false,false,"",false
workers.dev,suspend,false,false,"",false
wxw.moe,suspend,false,false,"",false
xenofem.me,suspend,false,false,"",false
xhais.love,suspend,false,false,"",false
botsin.space,silence,false,false,Too many bots on the public timelines :(,true
roysbeer.place,suspend,false,false,Troll farm,false
mapsupport.de,suspend,false,false,Paedophilia,false
clew.lol,suspend,false,false,Unmoderated racism,false
ortodogs.info,suspend,false,false,"Unmoderated racism/slurs, ""free speech""",false
seikora.one,silence,true,false,Uncensored and unattributed pornography,false
ai.wiki,suspend,false,false,Bot farm,false
artalley.masto.host,suspend,false,false,ArtiBlock: dni (baraag.net),false
curiouscabbit.social,suspend,false,false,"ArtiBlock: dni (baraag.net,aethy.com)",false
misskey.heonian.org,suspend,false,false,"ArtiBlock: dni (rot.gives,breastmilk.club,disqordia.space,outerkosm.us,shota.house)",false
akko.quad.moe,suspend,false,false,"ArtiBlock: alt-fedi (shigusegubu.club,sleepy.cafe,suya.place,miniwa.moe,cawfee.club,kotobank.ch)",false
masto.quad.moe,suspend,false,false,"ArtiBlock: alt-fedi (shigusegubu.club,sleepy.cafe,suya.place,miniwa.moe,cawfee.club,kotobank.ch)",false
social.troplo.com,suspend,false,false,"ArtiBlock: alt-fedi (rdrama.cc,starnix.network,shitposter.club,refusal.biz,plus.st,asbestos.cafe,hidamari.apartments,leafposter.club,lizards.live)",false
troplo.com,suspend,false,false,"ArtiBlock: alt-fedi (rdrama.cc,starnix.network,shitposter.club,refusal.biz,plus.st,asbestos.cafe,hidamari.apartments,leafposter.club,lizards.live)",false
worm.pink,suspend,false,false,Fediblock spam/abuse,false
asbestos.cafe,suspend,false,false,Fediblock spam/abuse,false
disqordia.space,suspend,false,false,Racism masquerading as trans defenders,false
blog.mapsupport.club,suspend,false,false,Paedophilia,false
xarxamontgri.masto.host,suspend,false,false,Lack of moderation,false
ani.9tail.net,suspend,false,false,ArtiBlock: alt-fedi,false
tw.9tail.net,suspend,false,false,ArtiBlock: alt-fedi,false
social.9tail.net,suspend,false,false,ArtiBlock: alt-fedi,false
bbs.9tail.net,suspend,false,false,ArtiBlock: alt-fedi,false
pleroma.lyricaltokarev.fun,suspend,false,false,"ArtiBlock: alt-fedi (poa.st,blob.cat,shitposter.club,asbestos.cafe,bae.st,sleepy.cafe)",false
reisen.church,suspend,false,false,"ArtiBlock: alt fedi (shitposter.club,borg.social,getimiskon.xyz,udongein.xyz,waifuism.life,silliness.observer,ebin.club,miniwa.moe,asbestos.cafe,rot.gives)",false
shotatube.xyz,suspend,false,false,ArtiBlock: alt-fedi,false
social.kemonololi.com,suspend,false,false,"ArtiBlock: dni (aethy.com,baraag.net)",false
mapsupport.club,suspend,false,false,"",false
9tail.net,suspend,false,false,"",false
messurrection.com,suspend,false,false,"",false
outerkosm.us,suspend,true,true,Tolerant of hate instances,false
tsukihi.me,silence,false,false,Misinformation and harassment,false
loli.exposed,suspend,false,false,CSAM,false
lewdieheaven.com,suspend,false,false,Paedophilia,false
press.coop,silence,false,false,Very spammy; limited to keep the federated timeline readable,false
techhub.social,silence,false,false,Temporary limit during spam campaign,false
fediverse.bbad.com,suspend,false,false,"Hate speech, ""free speech"", trolling",false
headpat.cafe,suspend,false,false,Lolicon,false
den.raccoon.quest,suspend,false,false,Lolicon,false
threads.net,suspend,false,false,Meta; suspended preemptively based on public statements regarding data usage,false
super-gay.co,silence,false,false,Unmoderated extreme sexual language without CWs; more power to 'em but that's not what this community wants in the feeds,false
plasmatrap.com,suspend,false,false,Harassment,false
comp.lain.la,suspend,false,false,"Harassment, channers",false
body.social,noop,true,false,Nudist community that does not require images marked sensitive,false
h5q.net,suspend,false,false,CSAM,false
thoughtful.social,suspend,false,false,Spam,false
sm.shaw.app,suspend,false,false,Transmisia,false
stop.voring.me,silence,false,false,"Poorly moderated, federates with known baddies",false
firefish.social,silence,false,false,"Official instance for Firefish project, the lead dev of which has engaged in harassment and associates with known bad actors",false
usualsuspects.lol,suspend,false,false,FediNuke,false
retardedniggers.forsale,suspend,false,false,FediNuke,false
plagu.ee,suspend,false,false,FediNuke,false
onionfarms.org,suspend,false,false,FediNuke,false
norwoodzero.net,suspend,false,false,FediNuke,false
marsey.moe,suspend,false,false,FediNuke,false
makemysarcophagus.com,suspend,false,false,FediNuke,false
decayable.ink,suspend,false,false,FediNuke,false
boymoder.biz,suspend,false,false,FediNuke,false
bassam.social,suspend,false,false,FediNuke,false
adachi.party,suspend,false,false,FediNuke,false
